GENE_SYMBOL	DRUG_NAME
DPP4	sitagliptin
CYP2C9	warfarin
KCNJ11	sitagliptin
KCNQ1	sitagliptin
CYP2B6	efavirenz
CYP2C9	sitagliptin
GLP1R	sitagliptin
CFTR	ivacaftor / lumacaftor
CYP2C19	fluoxetine
CYP2C19	paroxetine
GLP1R	exenatide, liraglutide
CYP2C19	citalopram, fluoxetine, paroxetine, sertraline
GLP1R	albiglutide, dulaglutide, GLP-1 receptor agonists
TCF7L2	exenatide
CYP2C19	lansoprazole
ARRB1	albiglutide, dulaglutide, GLP-1 receptor agonists
CYP2D6	propafenone
CYP2D6	methadone
CYP3A4	lurbinectedin
CYP3A5	tacrolimus
CYP2C9	phenytoin
UGT1A1	raloxifene 6-glucuronide, raloxifene-4â€²-glucuronide
IFNL3	peginterferon alfa-2a, peginterferon alfa-2b, ribavirin
IFNL3	peginterferon alfa-2b, ribavirin
CYP2D6	dextromethorphan
CYP2D6	tramadol
CYP2D6	aripiprazole
CYP3A5	lurbinectedin
PON1	leflunomide
UGT1A1	irinotecan
CYP3A5	dabigatran
CYP2B6	S-methadone
SCN1A	antiepileptics
	methadone
UGT1A3	telmisartan
UGT1A1	SN-38
UGT1A1	bilirubin
UGT1A1	carvedilol
CFTR	lumacaftor
GSTM3	olanzapine
CNR1	liraglutide
HLA-B	allopurinol
SLC6A4	fluvoxamine, paroxetine
ADRA2C	clonidine
SLCO1B1	simvastatin acid
P2RY1	aspirin
ABCB1	aspirin
IFNL4	ribavirin, sofosbuvir
SLCO1B1	rifampin
COMT	modafinil
	isoniazid
AGT	valsartan
CYP2C9	meloxicam
OPRM1	naltrexone
CFTR	ivacaftor
CFTR	elexacaftor
SLCO1B1	atorvastatin
ADRA2A	remifentanil
UGT1A1	warfarin
OPRM1	remifentanil
ABCB1	posaconazole, tacrolimus
CYP2C19	lacosamide
CYP2C19	sertraline
CYP2C19	escitalopram
CYP2A6	coumarin
CYP2A6	nicotine
UGT1A1	moxifloxacin
SLC39A10	buprenorphine
CYP2C9	simvastatin, warfarin
CYP2A6	letrozole
VKORC1	warfarin
ABCB1	rivaroxaban
CYP2B6	diazepam
TYMS	methotrexate
TPMT	mercaptopurine
TPMT	mercaptopurine, thioguanine
ATIC	methotrexate
HTR1A	fluoxetine
CYP2D6	risperidone
NUMA1	Dihydropyridine derivatives
CYP4F2	warfarin
CYP2C19	voriconazole
CYP2C19	sulfonamides, urea derivatives
NR3C1	corticosteroids
UGT1A6	valproic acid
SYT1	methylphenidate
CBR3	CHOP, rituximab
ABCC2	CHOP, rituximab
SEPTIN3	N-desmethyltamoxifen
CYP3A5	fentanyl
CYP2D6	citalopram
SREBF2	N-desmethyltamoxifen
CYP2C9	hydroxyphenytoin
TCF20	N-desmethyltamoxifen
CYP2C9	piroxicam
CENPM, SMIM45	N-desmethyltamoxifen
CYP2A6	varenicline
	etoposide
ABCG2	rosuvastatin
CYP2D6	opioids
SLC6A4	paroxetine
CFTR	ivacaftor, lumacaftor
EGFR	afatinib
DPYD	3-aminoisobutyrate
NAT2	hydralazine
CYP2D6	mexiletine
UPB1	3-aminoisobutyrate
AGXT2	3-aminoisobutyrate
DPYD	uracil
ACAD11	2-aminoheptanoate, 2-aminooctanoic acid, 2-hydroxylaurate
NPC2	cysteine-s-sulfate, l-ornithine
UPB1	5,6-dihydrothymine
ABCC2	10-monohydroxy oxcarbazepine
CYP3A5	rivaroxaban
CYP1A2	praziquantel
CYP2C9	praziquantel
ACE	quinapril
CYP3A4	cyclophosphamide
CYP3A5	cyclophosphamide
CYP2C19	esomeprazole, pantoprazole
TPMT	azathioprine, mercaptopurine, purine analogues
UGT1A4	tacrolimus
CYP3A4	tacrolimus
SLCO1B1	rosuvastatin
PNPLA3	alogliptin
CYP3A4	amlodipine
DRD3	sertraline
CYP2C19	rabeprazole
CYP2D6	iloperidone, iloperidone metabolite p88
CYP2C19	aspirin, clopidogrel
CACNA1H	valproic acid
SLC6A4	fluvoxamine
IFNG	penicillin g
CYP2C19	clopidogrel
CYP2D6	imipramine
NAT2	isoniazid
CYP3A4	simvastatin
ABCG2	rivaroxaban
CYP2D6	atomoxetine
CYP2C9	avatrombopag
ABCB1	avatrombopag
CYP3A5	venetoclax
NFIB	clozapine
SLCO1B1	pitavastatin
CYP2C19	omeprazole
SLC6A2	methylphenidate
	lithium
CYP2D6	3,4-methylenedioxymethamphetamine
CYP2D6	fentanyl
HYKK	varenicline
CYP3A5	sirolimus
CYP2D6	4-hydroxytamoxifen
ACE	captopril
NUDT15	mercaptopurine
ACE	enalapril, losartan
ACE	benazepril
CYP2B6	bupropion
CYP2D6	endoxifen
NAT1	mesalazine, thioguanine
CYP2C9	pioglitazone
CYP3A4	exemestane
CYP2D6	metoprolol
VEGFA	cetuximab
CYP2C9	ibuprofen
CYP2C19	lansoprazole, omeprazole, rabeprazole
CYP2C9	lornoxicam
CYP2A6	pilocarpine
ADRB1	atenolol
CYP2D6	venlafaxine
	letrozole
CYP2C9	propofol
CYP2C19	lansoprazole, omeprazole
CYP2D6	noroxycodone, oxycodone
CYP2D6	citalopram, escitalopram, fluoxetine, fluvoxamine, paroxetine, sertraline
SLC6A3	disulfiram
ACE	benazepril, perindopril
TPMT	thioguanine
CYP2C19	proguanil
CYP2B6	artemether
CYP2D6	fluoxetine
CYP2C19	n-desmethylclozapine
CYP2C19	clozapine
CYP2B6	cyclophosphamide
CYP2C8	rosiglitazone
CYP2C19	cyclophosphamide
CYP2C9	acenocoumarol
UGT1A4	testosterone
UGT1A4	lamotrigine
CFTR	curcumin, ivacaftor
CYP2C19	amitriptyline
CYP2A6	3-hydroxycotinine
HLA-G	methotrexate
CYP2C19	esomeprazole
CYP2C9	phenprocoumon
CFTR	ivacaftor, tezacaftor
CYP2C9	losartan
PPARA	chiglitazar
CYP2D6	haloperidol
CYP2D6	zuclopenthixol
TPMT	azathioprine, mercaptopurine
CYP3A4	fentanyl
NAT2	sulfasalazine
OPRM1	ethanol
CYP3A4	sufentanil
GRK5	Beta Blocking Agents
HLA-B	interferon beta-1a
HLA-B	Rubella vaccines
HLA-B	peginterferon alfa-2a, peginterferon alfa-2b, ribavirin
OPRM1	highly active antiretroviral therapy (haart)
CYP3A4	cyclosporine
HLA-C	ustekinumab
HLA-C	methotrexate
HLA-C	Rubella vaccines
HLA-C	peginterferon alfa-2b, ribavirin
HLA-DQA1	Measles vaccines
HLA-DRB1	Measles vaccines
HLA-DRB1	interferon beta-1a
HLA-DRB1	adalimumab, etanercept, infliximab
HLA-DRB1	Hepatitis vaccines
HLA-DRB1	Influenza vaccines
CYP2C8	montelukast
CYP2C8	tacrolimus
GGH	methotrexate
CYP2C8	ibuprofen
CYP2B6	methadone
SLC6A4	disulfiram
CYP2B6	sertraline
CYP3A5	atorvastatin
SLCO1B1	pravastatin
CYP2C9	rifampin, warfarin
SLCO1B1	pitavastatin, pravastatin
NUDT15	acyclovir
ABCB1	tacrolimus
SLCO1B1	fluvastatin
SLCO1B1	methotrexate
SLCO1B1	conjugated estrogens
CYP2C18	acenocoumarol
VKORC1	acenocoumarol
SLCO1B1	atrasentan
CYP3A5	3,4-dehydrocilostazol
ADRA2C	Beta Blocking Agents
CYP2B6	hydroxybupropion
SULT1C4	docetaxel, thalidomide
CYP2C19	atomoxetine
CYP2C19	amitriptyline, clomipramine
CYP2D6	brexpiprazole
CYP2D6	n-desmethyltramadol
SLC6A4	venlafaxine
ABCC2	methotrexate
CYP2C9	ketorolac
ERCC1	fluorouracil, leucovorin, oxaliplatin
SLC6A4	sertraline
CYP3A4	endoxifen
CYP3A5	midazolam
GLP1R	liraglutide
CYP2C19	oxycodone
CYP2D6	oxycodone
CYP3A4	oxycodone
CYP2C19	gliclazide
CYP2C9	fluvastatin
CXCL8	bevacizumab, cyclophosphamide
CYP3A4	n-desmethylclozapine
CYP3A5	Dihydropyridine derivatives
CYP1A2	n-desmethylclozapine
ALDH2	disulfiram
CYP2A6	coumarin, nicotine
CYP2C9	pitavastatin
MTHFR	oxaliplatin
CYP3A4	alprazolam
CYP2C9	diclofenac
ABCG2	clozapine
UGT1A1	dolutegravir
COL1A1	somatropin recombinant
MTHFR	Vitamin B-complex, Incl. Combinations
SLC6A2	atomoxetine
CYP3A4	cyclosporine, tacrolimus
DRD2	rizatriptan
CYP2C9	sulfonamides, urea derivatives
OPRM1	nicotine
DRD3	risperidone
FOXA3	rosuvastatin
CFTR	cysteamine
CYP3A5	dextropropoxyphene
CYP3A5	felodipine
TPMT	azathioprine
CYP2D6	codeine
CYP2C19	pantoprazole
GSTM1	anthracyclines and related substances, capecitabine, cyclophosphamide, fluorouracil, taxanes
CYP2D6	tolperisone
CYP2D6	mianserin
ACE	salvianolic acid b
CYP2C19	mephenytoin
CYP2C19	mephenytoin, omeprazole
CYP3A5	sirolimus, tacrolimus
CYP2D6	Selective serotonin reuptake inhibitors
CYP2C19	imipramine
CYP2D6	o-desmethyltramadol
ABCB1	rasagiline
SLC6A4	antidepressants
SLC6A4	escitalopram
CYP2C19	omeprazole, pantoprazole, rabeprazole
NR1I2	corticosteroids
IFNL4	peginterferon alfa-2b, ribavirin
ACE	irbesartan
CYP2D6	trimipramine
UGT2B15	sipoglitazar
CYP2C19	nortriptyline
SLC22A1	metformin
SLC22A1	morphine
GSTT1	imatinib
HSD3B1	glucocorticoids
CYP2C19	esomeprazole, lansoprazole, omeprazole, pantoprazole, rabeprazole
CYP2D6	nortriptyline
CYP3A4	sildenafil
TYMS	fluorouracil
CYP2C9	methadone
CYP3A5	methadone
CYP2C19	methadone
RXRA	rosuvastatin
CYP2C8	paclitaxel
CYP2C19	clobazam
CCR5	glatiramer acetate
TCF7L2	glipizide
SLC14A2	clopidogrel
IFNL4	peginterferon alfa-2a, peginterferon alfa-2b, ribavirin
TPMT	cisplatin, fluorouracil
CFTR	cavosonstat
NR1I2	nevirapine
CYP2D6	gefitinib
ABCB1	voriconazole
CYP3A4	midazolam
HLA-B	Measles vaccines
ADRA2C	bucindolol
ABCB11	rosuvastatin
HLA-DQB1	Influenza vaccines
CYP2C19	omeprazole, rabeprazole
DPYD	fluorouracil
CYP2C19	esomeprazole, lansoprazole, omeprazole, rabeprazole
CYP2D6	amitriptyline
ABCB1	sirolimus, temsirolimus
CYP3A5	granisetron
CYP1A1	granisetron
CYP2C19	clomipramine
UGT1A1	HMG-CoA reductase inhibitors
SLCO1A2	rocuronium
ABCC2	rosuvastatin
TYMS	capecitabine, fluorouracil
CYP2D6	carvedilol
CYP3A4	voriconazole
SLC10A1	rosuvastatin
CYP4F2	Vitamin K1
CYP2D6	tropisetron
ACE	bumetanide, furosemide, torasemide
GSTM1	azathioprine
UGT1A8	raloxifene
CYP2C19	phenazepam
NR1I2	rosuvastatin
GSTP1	dimethyl fumarate
CYP2C9	celecoxib
CYP2D6	primaquine
CYP3A5	clopidogrel
CYP2C19	tamoxifen
CYP2D6	doxepin
CYP2D6	mephedrone
TYMP	capecitabine, fluorouracil
IFNL4	peginterferon alfa-2a, ribavirin
CYP2C19	phenytoin
SLC6A4	clozapine
SLC6A4	antipsychotics, haloperidol, olanzapine, risperidone
C18orf56, TYMS	folic acid, hydroxychloroquine, methotrexate, sulfasalazine
CYP3A4	ticagrelor
ACE	fluvastatin
CYP2D6	ondansetron
HLA-B	"""interferon alfa-2a, recombinant"", ""ribavirin"""
CYP2D6	ondansetron, tropisetron
CYP3A5	cyclosporine, tacrolimus
ACE	pravastatin
SLC6A4	fluoxetine, sertraline
DPYD	capecitabine, fluorouracil
CYP2D6	4-hydroxytamoxifen, endoxifen
ADRA2C	metoprolol
ABCG2	imatinib
CYP3A5	vincristine
NR1I2	sirolimus, temsirolimus
	tacrolimus
IAPP, SLCO1A2	rocuronium
CYP2C19	amoxicillin, omeprazole
SLCO1B1	estrone sulfate
CXCL5	HMG-CoA reductase inhibitors
CYP2D6	paroxetine
UGT1A1	atazanavir / ritonavir
TCF20	dextromethorphan, dextrorphan
CYP3A5	cyclosporine
IFNL4	peginterferon alfa-2a, peginterferon alfa-2b, ribavirin, telaprevir
CSMD1	metformin
SLCO1B1	estrone
NT5C2	mercaptopurine
CYP2C19	bupropion
UGT1A1	irinotecan, oxaliplatin, tegafur / gimeracil / oteracil
CYP2C18	sertraline
CYP2D6	simvastatin
CYP2A6	irinotecan, oxaliplatin, tegafur / gimeracil / oteracil
CYP2D6	donepezil
CYP2B6	levonorgestrel
	adalimumab
IP6K2	dextromethorphan, dextrorphan
CYP2D6	debrisoquine
CYP2C19	progesterone
CYP2D6	debrisoquine, metoprolol
CYP2B6	cyclophosphamide, fludarabine
IFNL3, IFNL4	atorvastatin
CYP2C19	cilostazol
CYP2D6	codeine, debrisoquine, dextromethorphan, metoprolol
UGT1A1	sorafenib
SLC6A4	fluoxetine
ACE	atenolol, enalapril
CYP3A4	lopinavir
ABCB1	efavirenz
SERPINE1	citalopram, fluoxetine
SLC25A31	atenolol, hydrochlorothiazide, metoprolol
CNNM2	mercaptopurine
CYP3A5	oxycodone
UGT1A3	montelukast
ACE	sertraline
CYP3A5	cilostazol
SLC22A1	rasagiline
CYP3A7	tacrolimus
CYP2A6	cotinine, nicotine
CYP2B6	ketamine
CYP2C9	flurbiprofen
ABCC2	pitavastatin
SLC6A3	ethanol
DRD2	ethanol
CYP3A5	vardenafil
SLC22A1	imatinib
UGT1A6	acetaminophen
UGT2B15	acetaminophen
OPRK1	methadone
CYP2D6	tolterodine
CYP2D6	citalopram, mianserin, mirtazapine, nortriptyline, paroxetine, venlafaxine
SIN3A	hydroxyurea
TNF	Tumor necrosis factor alpha (TNF-alpha) inhibitors
TYMS	capecitabine, raltitrexed
SLCO1B1	lovastatin acid
CYP2C19	ambrisentan
ABCC2	rasagiline
HTR2A	bupropion
HLA-G	capecitabine, fluorouracil
KIF6	pravastatin
ABCB1	fluoxetine
CYP2C19	dipyrone
CYP2A6	tegafur
UGT1A1	nilotinib
CYP2B6	cotinine, nicotine
DBH	bupropion
TYMS	fluorouracil, leucovorin, oxaliplatin
GSTM1	paclitaxel, Platinum compounds
GSTM1	bleomycin, dacarbazine, doxorubicin, vinblastine
CYP2C19	citalopram
ACE	enalapril, lisinopril
CYP2C9	trimipramine
SLC18A2	bupropion
UGT1A9	raltegravir
CYP2D6	fluvoxamine
CYP3A4	4-hydroxytamoxifen
CYP3A4	tamoxifen
CYP2D6	hydroxyamitriptyline
EPHX1	acetylcysteine
C18orf56, TYMS	methotrexate
SLC6A3	levodopa, methylphenidate
SLC6A3	levodopa
FKBP5	bupropion
CYP3A5	atazanavir
ACE	interferon beta-1a
EPHX1	warfarin
ACE	losartan
CYP2C19	thalidomide
CYP3A5	imatinib
SLCO1B1	paclitaxel
UGT2B7	lamotrigine
UGT2B7	buprenorphine
ABCB1	imatinib
CYP2C9	tolbutamide
CYP2C9	zafirlukast
CYP2C19	dexlansoprazole
CYP2C19	nelfinavir
CYP2C19	warfarin
CDA	gemcitabine
ABCB1	apixaban, dabigatran, edoxaban, rivaroxaban
NR1I2	atazanavir
FKBP5	antidepressants
GNB3	antidepressants
ABCB1	antipsychotics
PPARA	tacrolimus
SLCO1C1	infliximab
POR	tacrolimus
ADCY9	dalcetrapib
BDNF	antidepressants
ADRB1	Beta Blocking Agents, flecainide
FCGR3A	rituximab
GATA4	Drugs used in alcohol dependence
FSHR	chorionic gonadotropin
CYP2D6	bepridil
CACNA1B	nicardipine, nimodipine
GLDC	citalopram, escitalopram
CYP3A7	cortisone acetate
G6PD	daunorubicin
CYP2A6	efavirenz
HNF1B	metformin
CYP3A4	atorvastatin
HLA-DRB1	glatiramer acetate
NAT2	caffeine
CYP2C19	diazepam
IL18	"""interferon alfa-2a, recombinant"", ""interferon alfa-2b, recombinant"", ""interferons"", ""peginterferon alfa-2a"", ""peginterferon alfa-2b"", ""ribavirin"""
SLC6A4	fluoxetine, paroxetine
TPMT	thioguanosine diphosphate, thioguanosine monophosphate, thioguanosine triphosphate
CYP2A6	valproic acid
CYP2A6	caffeine
IL6R	tocilizumab
CYP2B6	mirtazapine
NAT2	sulfapyridine
SLC19A1	methotrexate
SLCO1B1	olmesartan
CYP2C19	tacrolimus
CYP2C9	nateglinide
CYP2C19	omeprazole, pantoprazole
CYP2D6	amitriptyline, clomipramine, doxepin, imipramine, maprotiline, nortriptyline, opipramol
CYP3A5	sufentanil
	metformin
CYP2D6	lovastatin
CYP2C9	benzbromarone
CYP2C19	labetalol
CYP2C8	pioglitazone
HLA-A	peginterferon alfa-2a, peginterferon alfa-2b, ribavirin
SLC6A4	citalopram, fluoxetine, paroxetine
HLA-B	lamivudine, nevirapine, stavudine
UGT1A1	belinostat
CYP2C19	doxepin
IFNL4	boceprevir, peginterferon alfa-2a, peginterferon alfa-2b, ribavirin, telaprevir
UGT1A1	deferasirox
CYP2C19	clopidogrel, prasugrel, ticagrelor
CYP2C9	valproic acid
POR	warfarin
DRD2	methadone
GSTP1	carboplatin, paclitaxel
MIR335	cisplatin
ALDH1A1	cyclophosphamide, doxorubicin
SLC6A4	buprenorphine, methadone
CYP3A5	clozapine
CYP3A5	nimodipine
CYP3A5	carbamazepine
F3	simvastatin
ACE	acetylcholine, nitroprusside
ACE	enalapril
TYMS	bevacizumab, capecitabine, cisplatin, docetaxel, epirubicin, oxaliplatin, trastuzumab
CYP3A5	fentanyl, meperidine, midazolam
CYP2C19	fentanyl, meperidine, midazolam
UGT1A1	fentanyl, meperidine, midazolam
CYP2C19	4-hydroxytamoxifen
CYP2D6	tamsulosin
CYP3A4	imatinib
CYP2C9	fulvestrant
CYP2C9	anastrozole
CYP3A4	anastrozole
HLA-DRB1	abatacept
SLCO1C1	etanercept
CYP3A5	apatinib
CYP2D6	duloxetine
VDR	amoxicillin, clarithromycin, omeprazole
ANKK1, DRD2	bupropion, naltrexone
CYP2D6	alpha-hydroxymetoprolol
CYP2C19	tolperisone
CYP2D6	dapoxetine
PPARD	docetaxel, thalidomide
CYP3A5	naldemedine
NEDD4	warfarin
CYP3A5	quetiapine
DDHD1	warfarin
CYP2D6	primaquine 5,6-orthoquinone
UGT1A1	cisplatin, irinotecan
CYP2D6	desvenlafaxine, venlafaxine
	salbutamol
CYP2C19	praziquantel
ABCB1	paliperidone, risperidone
UGT1A9	sulfinpyrazone
NAT2	sulfamethoxazole
CYP2C19	icotinib
MICA	Tumor necrosis factor alpha (TNF-alpha) inhibitors
CYP2C19	3,4-methylenedioxymethamphetamine
GSK3B	lithium
NR1D1, THRA	lithium
CYP2D6	morphine
HLA-DQA1	infliximab
CYP19A1	Enzyme inhibitors
FCER2	corticosteroids
SLC22A1	hydrochlorothiazide, olmesartan
	escitalopram
ABCB1	morphine
SLCO1B3	docetaxel
VDR	midazolam
KLRC4	Tumor necrosis factor alpha (TNF-alpha) inhibitors
NAT2	acetylisoniazid
NAT2	dipyrone
CYP2D6	paramethoxymethamphetamine
CYP3A5	maraviroc
CYP2C19	citalopram, escitalopram
DRD2	haloperidol, olanzapine, perphenazine, quetiapine, risperidone
CYP2D6	hydrocodone
CYP2D6	tamoxifen
CYP2D6	methamphetamine
CYP2C9	4-hydroxytamoxifen, endoxifen
CYP2D6	desipramine, imipramine
CYP2J2	trans 4-hydroxypraziquantel
CYP2D6	perphenazine
CYP2D6	vortioxetine
	fentanyl
CYP2C19	Proton pump inhibitors
KCNQ1	gliclazide
DRD2	nicotine
CYP2D6	desipramine
TCF7L2	linagliptin
CYP2C19	amoxicillin, clarithromycin, esomeprazole
CYP2D6	dabigatran
COMT	bupropion
CYP2D6	codeine, fentanyl, hydrocodone, hydromorphone, methadone, morphine, oxycodone, tramadol
CYP2C19	amoxicillin, clarithromycin, lansoprazole
CYP2C19	amoxicillin, clarithromycin, omeprazole
CYP2D6	oxymorphone
CYP2D6	noroxymorphone
CYP2D6	noroxycodone
COMT	morphine
COMT	opioids
ADRB2	atenolol, metoprolol
CYP2D6	solanidine
CYP2D6	flecainide
CYP2D6	pridopidine
OPRM1	methadone
CYP2A6	metronidazole
CBS	Arsenic compounds
CYP2D6	S-methadone
FOXP3	methotrexate
NT5C2	gemcitabine
CTRB1, CTRB2	Dipeptidyl peptidase 4 (DPP-4) inhibitors
CYP2C9	olanzapine
CYP2A6	3-hydroxycotinine, 3-hydroxycotinine glucuronide
VDR	selective beta-2-adrenoreceptor agonists
CYP2C9	endoxifen
CYP2C19	carisoprodol
GLP1R	gemigliptin, linagliptin, saxagliptin, sitagliptin, vildagliptin
ABCB1	methadone
CYP2C9	gliclazide
CYP2D6	norquetiapine
CYP2C9	indomethacin
CACNA1C	nimodipine
GABRQ	venlafaxine
DCK	cytarabine, idarubicin
CYP2D6	fentanyl, hydromorphone, opioids, oxycodone, tramadol
UGT1A3	2-hydroxyatorvastatin, 4-hydroxyatorvastatin, atorvastatin
SLC6A4	clozapine, n-desmethylclozapine
CYP2D6	ibogaine
CYP3A4	atorvastatin, atorvastatin lactone
CYP2D6	amphetamine, lisdexamfetamine
GRIA3	Selective serotonin reuptake inhibitors, venlafaxine
HLA-DQA1	Tumor necrosis factor alpha (TNF-alpha) inhibitors
CYP3A4	1-hydroxymidazolam, midazolam
CALU	warfarin
CYP2B6	dihydroartemisinin
CYP3A5	desbutyl lumefantrine
CYP2D6	sertraline
ABCC2	tacrolimus
NKX2-6	warfarin
HTR2A	venlafaxine
	antiepileptics
FSHR	follitropin beta, urofollitropin
CYP2C19	atorvastatin
UBE2I	cisplatin, irinotecan
FRAS1	warfarin
FAM201A	warfarin
SCN1A	valproic acid
DPYD	capecitabine
CYP3A5	apixaban, dabigatran, edoxaban, rivaroxaban
SLC6A4	bupropion
CYP2C19	famotidine, omeprazole
CHRNA7	nicotine
DRD2	bupropion
CYP3A4	quetiapine
CYP2C19	trimipramine
SLC2A2	metformin
BCL11A	hydroxyurea
KL	Beta Blocking Agents
RRM1	gemcitabine
ACE	bupropion
UGT2B7	lorazepam, valproic acid
CYP3A4	sunitinib
CYP3A4	hydroxychloroquine
XRCC1	fluorouracil
HNF4A	rosuvastatin
OR10P1	atenolol, metoprolol
RRM1	carboplatin, gemcitabine
CYP2C19	famotidine, lansoprazole
CYP2C9	noscapine
SNX9	atenolol, metoprolol
STX4	warfarin
CYP3A5	sirolimus, temsirolimus
CYP3A5	perampanel
CYP2D6	N-desmethyltamoxifen
CYP2D6	escitalopram
HLA-A	BCR-ABL tyrosine kinase inhibitors
HLA-B	BCR-ABL tyrosine kinase inhibitors
CYP2C19	antidepressants
CHST3	docetaxel, thalidomide
CYP2B6	propofol
PDE4D	tildrakizumab
ABCB1	buprenorphine, dihydrocodeine, fentanyl, hydromorphone, methadone, morphine, oxycodone, piritramide, tilidine, tramadol
CYP2C19	valproic acid
UGT1A1	FOLFIRI, irinotecan
CYP2D6	mirabegron
OPRM1	opioids
DRD3	duloxetine
C11orf65	metformin
NR1I3	efavirenz, nevirapine
CYP3A4	aripiprazole
CYP2D6	aripiprazole, dehydroaripiprazole
CYP3A4	pimozide
ABCB11	glyburide
SLCO1B3	imatinib
CYP2D6	fesoterodine
CHST13	glyburide
ABCC2	lacosamide
CYP3A4	fesoterodine
CYP2D6	clozapine
ITIH3	clozapine
CYP2A6	cotinine
ADORA1	caffeine
CYP3A5	norquetiapine
CACNA1D	amlodipine
ZHX2	peginterferon alfa-2a
CYP2D6	berberine
VEGFA	ranibizumab
ABCA3	imatinib
CBARP, STK11	metformin
SLC22A3	metformin
PRKAA1	metformin
SLC29A4	metformin
PRKAG2	metformin
SLC47A1	metformin
STK11	metformin
SLC47A2	metformin
CYP3A4	alectinib
TCF7L2	metformin
SLC22A1	n-desmethyltramadol, o-desmethyltramadol
CYP2D6	n,n-didesmethyltramadol
ABCC2	n-desmethyltramadol, o-desmethyltramadol
	tocilizumab
CLEC2D	tocilizumab
KCNMB1	tocilizumab
CCL11	morphine
IL16	morphine
SLC16A1	valproic acid
ABCC4	tenofovir
CYP2E1	acetaminophen sulfate
ABCC1	fentanyl
NAT2	rosuvastatin
TPMT	rosuvastatin
CBR1	doxorubicin
KDR	sunitinib
KCNQ1	gliclazide, glimepiride, glipizide, glyburide
SLCO1B1	ramipril
ABCG2	ramipril
RAD50	cytarabine, daunorubicin
NR1I2	efavirenz, nevirapine
ABCG8	ezetimibe
ABCG5	ezetimibe
HBG2	hydroxyurea
MTHFR	fluorouracil, leucovorin, oxaliplatin
ENG	methotrexate
PKD1L2	methotrexate
NAT2	pregabalin
CYP2C19	clozapine, n-desmethylclozapine
DRD4	clozapine
CYP3A5	nifedipine
CYP1A2	clozapine, n-desmethylclozapine
SORCS1	exenatide
KCNJ11	linagliptin, sitagliptin, vildagliptin
PRKD1	linagliptin, saxagliptin, sitagliptin, vildagliptin
NR1I2	midazolam
CYP2D6	methadone, R-EDDP, S-EDDP
NUDT15	azathioprine
APOE	warfarin
SLC22A2	metformin
ADRB2	methacholine
NR1I2	temsirolimus
ABCB1	temsirolimus
	atenolol, metoprolol
SLC4A1	atenolol, metoprolol
SLCO1C1	Tumor necrosis factor alpha (TNF-alpha) inhibitors
GSTZ1, POMT2	dichloroacetic acid
ABCB1	sunitinib
	hydrochlorothiazide
IFNL3, IFNL4	peginterferon alfa-2a, peginterferon alfa-2b, ribavirin
CYP1A2	caffeine
HINT1	nicotine
VKORC1	phenprocoumon
DBH	levodopa
CYP1A2	quetiapine
COMT	venlafaxine
OR2B11	axitinib
KCNJ11	sulfonamides, urea derivatives
ABCC8	sulfonamides, urea derivatives
SLC29A1	tipiracil hydrochloride, trifluridine
UGT1A10, UGT1A8, UGT1A9	axitinib
UGT1A7	axitinib
HTR2C	risperidone
MTRR	methotrexate
HTR2A	risperidone
ABCB1	axitinib
COMT	butorphanol
ABCG2	axitinib
EGFR	erlotinib
ABCB1	methotrexate
SLC29A1	cytarabine
UGT1A9	SN-38
ABCB1	risperidone
CRHR1	glucocorticoids
ERICH3	antidepressants
SLCO1B1	SN-38
ADRB2	salmeterol
CYP3A4	S-methadone
GRIN2B	methylphenidate
CRHR2	salbutamol, selective beta-2-adrenoreceptor agonists
ABCA1	atorvastatin, rosuvastatin, simvastatin
CYP2D6	atorvastatin, rosuvastatin, simvastatin
MTHFR	methotrexate
APOA5	simvastatin
APOB	irbesartan
APOA5	atorvastatin
PRCP	benazepril
UGT2B7	efavirenz
CYP2B6	efavirenz, lamivudine, tenofovir
ABCB1	clopidogrel
ARG2	Methyldopa
MTHFR	fluorouracil
CYP2C8	repaglinide
ABCB1	aripiprazole
SLCO1B1	mercaptopurine, methotrexate
CMPK1	gemcitabine
ADRA2A	dexmedetomidine
IL10	budesonide, fluticasone / salmeterol, formoterol, omalizumab
DCTD	gemcitabine
	Beta Blocking Agents
APOA5	rosuvastatin
TENT4A	gemcitabine
FPGS	methotrexate
CDC5L	gemcitabine
APOA5	atorvastatin, rosuvastatin, simvastatin
IL17A	budesonide, fluticasone / salmeterol, formoterol, omalizumab
SH2D5	gemcitabine
CETP	rosuvastatin
ABCB1	atorvastatin
SLCO1B1	repaglinide
ITPA	azathioprine
CYP3A4	buprenorphine
AGTR1	perindopril
AGTR1	nitrendipine
OPRM1	hydromorphone
HNF4A	lamotrigine
ABCG2	lamotrigine
TSPYL1	cyclosporine
ESR2	gemcitabine
DRD2	risperidone
ABCC2	irinotecan
ABCC2	antiepileptics
SLCO1B1	glucose
	warfarin
ERCC1	cisplatin
POR	clozapine
IGF2R	salbutamol
SLC24A4	salbutamol
IL1B	lansoprazole, omeprazole, rabeprazole
ERCC1	Platinum compounds
MMP2	ulinastatin
MMP9	ulinastatin
NR1I2	tacrolimus
NR1I2	irinotecan
IL10	tacrolimus
DRD3	olanzapine
ADH1A	cytarabine, fludarabine, gemtuzumab ozogamicin, idarubicin
TLR3	Measles vaccines
ABCC2	tamoxifen
TNF	etanercept, infliximab, Tumor necrosis factor alpha (TNF-alpha) inhibitors
SCN1A	carbamazepine
PAPPA2	salbutamol
OPRD1	norbuprenorphine
NCOA3	salbutamol
CRHR2	salbutamol
CYP3A4	phenprocoumon
ADCY9	salbutamol
MCPH1	perphenazine
CDH13	perphenazine
SKOR2	perphenazine
KCNMA1	quetiapine
MAML3	perphenazine
UGT2B7	valproic acid
RUNX1	methacholine
LRP1B	risperidone
HTRA1	bevacizumab
PSMD14	risperidone
AGAP1	risperidone
ARMS2	bevacizumab
APEH	valproic acid
NPAS3	risperidone
TMEFF2	risperidone
PCK1	metformin
CDH4	ziprasidone
LYN	ziprasidone
CFH	bevacizumab
NALCN	ziprasidone
CNTN4	ziprasidone
SLCO1A2	imatinib
ADD1	hydrochlorothiazide
	olanzapine
APOB	fenofibrate
MTR	methotrexate
FKBP5	citalopram, fluoxetine, mirtazapine, paroxetine, Selective serotonin reuptake inhibitors, venlafaxine
CSMD1	olanzapine
PLAGL1	olanzapine
OPRM1	acetaminophen
PTPRN2	olanzapine
NQO1	warfarin
PRKCE	perphenazine
	perphenazine
DOT1L	hydrochlorothiazide
ADM	paroxetine
ATG5	tildrakizumab
IL17RC	tildrakizumab
BDNF	citalopram
OXT	clozapine
CYP3A4	diazepam
DHFR	methotrexate
NOS1AP	repaglinide
ABCB1	highly active antiretroviral therapy (haart)
ABCC1	lamivudine, lopinavir, ritonavir, zidovudine
BDNF	fluoxetine
TNFAIP3	tildrakizumab
DRD3	paroxetine
COMT	entacapone
SLCO1B3	telmisartan
ABCG8	atorvastatin, simvastatin
ULK3	imatinib
DRD1	clozapine
STAT3	interferons
SLCO2B1	tamoxifen
HRH3	risperidone
TAAR6	aripiprazole
IL6	peginterferon alfa-2a
ABCG2	sulfasalazine
CNTF, ZFP91-CNTF	iloperidone
OPRD1	disulfiram
STIM1	erythropoietin
PTGFR	latanoprost
ABCC4	furosemide
CYP1A1	antiepileptics
COMT, TXNRD2	morphine
CYP3A4	carbamazepine
ABCC3	morphine
CYP2D6	n-desmethyltramadol, o-desmethyltramadol
CYP3A4	n-desmethyltramadol, tramadol
ABCC2	clopidogrel
SORCS2	atazanavir
ZNF816	Tumor necrosis factor alpha (TNF-alpha) inhibitors
UGT2B7	carbamazepine
NR1I2	carbamazepine
PGLYRP4	Tumor necrosis factor alpha (TNF-alpha) inhibitors
GNB3	sumatriptan
IL12B	Tumor necrosis factor alpha (TNF-alpha) inhibitors
CYP2D6	desethyl hydroxychloroquine
TRPV1	cannabinoids
UGT2B7	cannabinoids
CTNNA2	Tumor necrosis factor alpha (TNF-alpha) inhibitors
KCNJ11	repaglinide
OPRM1	tramadol
TCF7L2	repaglinide
EPHX1	carbamazepine
ORAI1	erythropoietin
ABCB1	carbamazepine
ARVCF, COMT	morphine
DRD2	antipsychotics
CETP	HMG-CoA reductase inhibitors
CDKAL1	Tumor necrosis factor alpha (TNF-alpha) inhibitors
ABCC2	carbamazepine
SIK3	HMG-CoA reductase inhibitors
HLA-C	Tumor necrosis factor alpha (TNF-alpha) inhibitors
KCNMB2	ritodrine
MAP3K1	Tumor necrosis factor alpha (TNF-alpha) inhibitors
GGCX	warfarin
METTL21A	morphine
ABCB1	cannabinoids
OPRM1	morphine
ADRB1	metoprolol
SRP19	citalopram, fluoxetine, paroxetine, sertraline
REEP5	citalopram, fluoxetine, paroxetine, sertraline
ABCB1	atazanavir
SLCO1B1	atazanavir
CASP7	docetaxel, gemcitabine, paclitaxel, Platinum compounds, vinorelbine
SLC26A9	olanzapine
NFIB	solanidine
EHF	ziprasidone
SLC6A3	clozapine
IL1A	olanzapine
POR	cyclosporine
UGT1A1, UGT1A10, UGT1A3, UGT1A4, UGT1A5, UGT1A6, UGT1A7, UGT1A8, UGT1A9	fesoterodine
PTPRD	pioglitazone
VKORC1	acenocoumarol, warfarin
GRIN2B	acamprosate
ATP1A2	olanzapine
	risperidone
TNFRSF11A	risperidone
PPA2	risperidone
	methotrexate
OPRM1	fentanyl, hydromorphone, opioids, oxycodone, tramadol
IGF2BP2	repaglinide
COMT	rasagiline
MTHFR	disulfiram
FCGR2A	Tumor necrosis factor alpha (TNF-alpha) inhibitors
BEST3	hydrochlorothiazide
UGT1A6	deferiprone
FCGR3A	Tumor necrosis factor alpha (TNF-alpha) inhibitors
ADRA1A	nifedipine
PPARG	pioglitazone
CASP7	paclitaxel, Platinum compounds
TNF	opioids
TJP1	risperidone
IL6	opioids
ADGRL3	methylphenidate
CA10	fluticasone propionate, montelukast
CASP7	gemcitabine, Platinum compounds
	fluticasone propionate, montelukast
CFH	ranibizumab
SPOPL	olanzapine
PDE4D	quetiapine
ABCB1	tenofovir alafenamide
STAT6	esomeprazole
WBP2NL	risperidone
CD40LG	adalimumab
ESR1	raloxifene
MYO1H	lithium
FCGR2A	infliximab
EPHX2	lithium
FBXW12	losartan, losartan E-3174
GRAMD1B	lithium
CYP2D6	nevirapine
CYP2B6	nevirapine
ADRB1	catecholamines
APOE	acenocoumarol
ZNF703	losartan, losartan E-3174
BDKRB1	perindopril
SLC17A4	losartan, losartan E-3174
CHRNA5	Drugs used in nicotine dependence
NFATC2	adalimumab, etanercept, infliximab
CHRNA3, CHRNA5	Drugs used in nicotine dependence
ABCG2	allopurinol
FAM177A1	lithium
	clopidogrel
CHUK	Tumor necrosis factor alpha (TNF-alpha) inhibitors
ADCY1	lithium
KCNQ1	repaglinide
FAM178B	lithium
PRORP	zileuton
CYP2C9	losartan, losartan E-3174
ZNF804A	lithium
XRCC1	Platinum compounds
TGFB1	glatiramer acetate
ABCG2	N-desmethyltamoxifen
GLCCI1	glucocorticoids
FMO3	teneligliptin
COMT	quetiapine
GPR83	hydrochlorothiazide
FSHR	menotropins
GPR83	candesartan
IL6	tacrolimus
ABCB1	paclitaxel
HSD3B1	hydrochlorothiazide
TTC6	hydrochlorothiazide
CYP3A4	teneligliptin
IFNAR1	glatiramer acetate
	5-hydroxyomeprazole, omeprazole
	6-hydroxy s-warfarin
BDNF	citalopram, escitalopram, fluoxetine, sertraline
PARP14	6-hydroxy s-warfarin
ADRB2	salbutamol
NR1I3	efavirenz
CYP19A1	tamoxifen
IFNL3, IFNL4	peginterferon alfa-2a, ribavirin
GRID2	6-hydroxy r-warfarin, 6-hydroxy s-warfarin
CACNA1C	lacidipine, nifedipine, nitrendipine
CYP3A4	lumefantrine
HTR1A	quetiapine
BDNF	amitriptyline, clomipramine, duloxetine, imipramine, milnacipran, venlafaxine
EPM2A	chlorpromazine, clozapine, haloperidol, olanzapine, quetiapine, risperidone, trifluoperazine
CACNA1C	amlodipine, felodipine
CYP2C18	warfarin
GSK3B	citalopram, fluoxetine
SRPRB	ethanol
ALDH2	ethanol
CYP3A5	lumefantrine
PGM1	ethanol
FPGS	warfarin
ADH1A	acetaldehyde
ALDH2	acetaldehyde
FCGR3A	infliximab
FCGR3A	cetuximab
PGM1	acetaldehyde
ABCB1	verapamil
ADH1B	acetaldehyde
CYP3A5	sunitinib
UGT2B10	n-desmethylclozapine
N6AMT1	clopidogrel
ASTN2	fentanyl
CYP11B2	benazepril, imidapril
COL1A1	etidronic acid
ABCG2	voriconazole
ABCB1	morphine, nortriptyline
HTR1A	risperidone
	duloxetine
ZNF385D	duloxetine
BDNF	escitalopram, fluoxetine, paroxetine, sertraline
SLC19A1	folic acid, hydroxychloroquine, methotrexate, sulfasalazine
MTR	folic acid, hydroxychloroquine, methotrexate, sulfasalazine
SULT1A1	tamoxifen
ADRB2	terbutaline
NRXN1	duloxetine
ADRB2	atenolol
VEGFA	bevacizumab, capecitabine, fluorouracil, irinotecan, leucovorin, oxaliplatin
HFE	erythropoietin
ADRB2	enalapril
ADRB2	atenolol, enalapril
TEX10	duloxetine
ABCB1	digoxin
ATP10A	duloxetine
INVS	duloxetine
ABCB1	abemaciclib, palbociclib, ribociclib
CYP3A5	amlodipine
	infliximab
ABAT	valproic acid
CDA	capecitabine
NOS3	hydralazine / isosorbide dinitrate
CRP	adalimumab
CYP3A43	olanzapine
EOMES	glatiramer acetate
ABCB1	etoposide
ATG5	adalimumab
MIEF2	duloxetine
AOX1	azathioprine
CYP11B2	hydralazine / isosorbide dinitrate
LPL	fenofibrate
FCN2	duloxetine
APOA1	fenofibrate
CLEC16A	glatiramer acetate
SKIC3	duloxetine
CACNA1H	ethosuximide
CACNA1I	ethosuximide
TREML4	duloxetine
MOCOS	azathioprine
ABCB1	lamotrigine
CALM1	cyclosporine
AGT	irbesartan
CACNA1H	lamotrigine
ADRA2A	atenolol
	cyclosporine
DRD2	chlorpromazine
AMPD1	methotrexate
AGT	benazepril
ABCB1	omeprazole
F7	warfarin
TCF7L2	sulfonamides, urea derivatives
GSTP1	fluorouracil, oxaliplatin
CYP4F2	acenocoumarol
APOA5	fenofibrate
RHOA	pravastatin, simvastatin
	citalopram
CYP2E1	isoniazid
GATA4	warfarin
UGT2B7	mycophenolic acid acyl glucuronide
VEGFA	sildenafil
ACE2	captopril
FCGR2A	cyclophosphamide, doxorubicin, paclitaxel, trastuzumab
FCGR3A	trastuzumab
CR1	eculizumab
UGT1A4	mirabegron
UGT1A1	mycophenolic acid
UGT1A3	mirabegron
SLC6A2	mirabegron
SLC19A1	mirabegron
DRD3	clozapine
AGTR1	candesartan
AGTR1	irbesartan
CYP3A5	docetaxel, paclitaxel
DPYD	capecitabine, fluorouracil, tegafur / gimeracil / oteracil
SLCO1B1	ticagrelor
SLC29A1	gemcitabine, paclitaxel
BDNF	citalopram, escitalopram, fluoxetine, fluvoxamine, paroxetine, sertraline
CES1	methylphenidate
UGT2B7	ticagrelor
CYP3A43	ticagrelor
LEPR	simvastatin
SULT1A1	acetaminophen
IL2	opioids
BDNF	opioids
CYP4F2	acenocoumarol, warfarin
AGT	atenolol, irbesartan
CYP1A1	caffeine
VEGFA	docetaxel
IL1B	opioids
SCARB1	fenofibrate
SLC22A6	tenofovir
OPRD1	opioids
CYP2C9	acenocoumarol, warfarin
CXCL10	peginterferon alfa-2a, peginterferon alfa-2b
CFTR	ataluren
ERCC2	Platinum compounds
SLC30A8	insulin recombinant, zinc acetate
DRD1	methylphenidate
ABCB1	fentanyl
ATIC	folic acid, methotrexate
ADAM33	corticosteroids, selective beta-2-adrenoreceptor agonists
GADL1	lithium
ITPA	folic acid, methotrexate
ADA	methotrexate
ADORA2A	methotrexate
AMPD1	folic acid, methotrexate
EGFR	fluorouracil
TGFBR3	antidepressants
AADAC	rifampin
SLCO2B1	abiraterone
AREG	cetuximab, panitumumab
ABCB1	rifampin
P2RX7	fentanyl
DRD3	methylphenidate
DRD4	methylphenidate
ADRA2A	methylphenidate
COMT	methylphenidate
GNAS	dobutamine
CRHR1	antidepressants
UGT1A1, UGT1A10, UGT1A3, UGT1A4, UGT1A5, UGT1A6, UGT1A7, UGT1A8, UGT1A9	topiramate
SLC29A1	peginterferon alfa-2a, peginterferon alfa-2b, ribavirin
ADH1B	ethanol
PPARA	phenprocoumon
ADH1A	ethanol
KCNJ6	methadone
ADH1C	ethanol
PPARG	rosiglitazone
SUMO4	tacrolimus
LPA	HMG-CoA reductase inhibitors
ABCG2	HMG-CoA reductase inhibitors
NEDD4L	citalopram
TOMM40	HMG-CoA reductase inhibitors
UGT1A10, UGT1A3, UGT1A4, UGT1A5, UGT1A6, UGT1A7, UGT1A8, UGT1A9	valproic acid
PEBP4	methylphenidate
ITGAL	verapamil
KDR	pazopanib
ADH7	ethanol
IL4R	Hepatitis vaccines
IFNL3	peginterferon alfa-2a, ribavirin
AGT	benazepril, imidapril
MGAT5	ursodeoxycholic acid
CYP2C19	clopidogrel thiol metabolite H4
IL13	Hepatitis vaccines
CYP27B1	peginterferon alfa-2b, ribavirin
CES1	dabigatran
VDR	irinotecan
SNAP25	methylphenidate
SLC6A3	methylphenidate
IFNL3, IFNL4	interferons, ribavirin
XRCC1	platinum
	Selective serotonin reuptake inhibitors
PLCB1	Selective serotonin reuptake inhibitors
LRP1	warfarin
IFNL3	interferons, ribavirin
LGR5	fluorouracil
KIF6	atorvastatin, pravastatin
MTHFR	capecitabine, fluorouracil
SLCO1B1	pitavastatin, pitavastatin lactone
CDK4	somatropin recombinant
FMO5	metformin
USP24	rosuvastatin
RORA	interferon beta-1a
CES1	remimazolam
	nicotine
APOE	rosuvastatin
NCF4	idarubicin
ABCC2	simvastatin
RAC2	idarubicin
IFNL3, IFNL4	peginterferon alfa-2a, peginterferon alfa-2b
LPA	rosuvastatin
UGT1A1, UGT1A10, UGT1A3, UGT1A4, UGT1A5, UGT1A6, UGT1A7, UGT1A8, UGT1A9	atorvastatin
BDNF	methylphenidate
CYP3A7	atorvastatin
CYP1A2	clozapine
PRPF31	metformin
SLC7A5	gabapentin
NBEA	metformin
SLC22A1	sumatriptan
SLC22A1	fenoterol
IRS1	Drugs Used In Diabetes
XRCC1	fluorouracil, leucovorin, oxaliplatin
NEDD4L	hydrochlorothiazide
IFNL3	peginterferon alfa-2a, peginterferon alfa-2b
ABCC2	emtricitabine
SLC22A1	cycloguanil
SLC22A1	proguanil
SLC7A5	gabapentin, pregabalin
CPA6	metformin
DUSP1	salbutamol
SLC22A1	tramadol
SLCO1B3	tacrolimus
IL11	escitalopram
CES1	clopidogrel
SLC2A2	tacrolimus
YBX1	abiraterone
NFATC4	tacrolimus
SLCO1B1	grazoprevir
CYP2D6	bisoprolol
BDNF, BDNF-AS	methadone
SLC22A1	o-desmethyltramadol
NOS3	enalapril
BDNF	methadone
GSTA1	busulfan
BDKRB2	enalapril
CYP3A5	bisoprolol
TNFRSF1A	Tumor necrosis factor alpha (TNF-alpha) inhibitors
TLR4	Tumor necrosis factor alpha (TNF-alpha) inhibitors
TLR2	Tumor necrosis factor alpha (TNF-alpha) inhibitors
IFNG	Tumor necrosis factor alpha (TNF-alpha) inhibitors
TLR9	Tumor necrosis factor alpha (TNF-alpha) inhibitors
VKORC1L1	warfarin
OPRM1	sufentanil
ENPP2	opioids
APOE	donepezil, galantamine, rivastigmine
PAX4	rosiglitazone
APOE	atorvastatin
ABCB1	opioids
IL6	Tumor necrosis factor alpha (TNF-alpha) inhibitors
IL17A	Tumor necrosis factor alpha (TNF-alpha) inhibitors
ABCC4	latanoprost
TNFRSF1B	adalimumab, etanercept, infliximab, ustekinumab
CNPY4	Tumor necrosis factor alpha (TNF-alpha) inhibitors
CALCA	botulinum toxin type a
CD14	Tumor necrosis factor alpha (TNF-alpha) inhibitors
TRPV1	botulinum toxin type a
IL1B	Tumor necrosis factor alpha (TNF-alpha) inhibitors
IL1RN	Tumor necrosis factor alpha (TNF-alpha) inhibitors
TNFAIP3	Tumor necrosis factor alpha (TNF-alpha) inhibitors
APOE	HMG-CoA reductase inhibitors
ABCB1	losartan
FOLR3	pemetrexed
GRK4	metoprolol
IFNL3, IFNL4	highly active antiretroviral therapy (haart)
HTR2A	fluoxetine
IFNL3, IFNL4	direct acting antivirals, elbasvir / grazoprevir, ledipasvir / sofosbuvir
GAD1	methadone
IL1B	infliximab
CYP4F2	ticagrelor
UGT1A4	clozapine
VEGFC	uric acid
SLCO1B1	letermovir
UGT1A1	clozapine
CAPN10	metformin
UGT1A1	letermovir
FHIT	interferon beta-1a, interferon beta-1b
FMO2	glyburide
ADRB2	propranolol
ABCB1	clozapine
SLC16A7	methotrexate
ARID5B	methotrexate
APOE	fenofibrate
NAT2	iguratimod
	interferon beta-1a, interferon beta-1b
KCNQ1	sitagliptin, vildagliptin
ABCG2	iguratimod
GAPVD1	interferon beta-1a, interferon beta-1b
OPRD1	methadone
ZNF804A	antipsychotics
CYP1A1	capecitabine, docetaxel
CYP51A1	glyburide
ABCB1	anastrozole
HTR1A	amisulpride, antipsychotics, olanzapine, quetiapine, risperidone
BRINP3	uric acid
UGT2B15	glyburide
PADI4	uric acid
ZNF697	interferon beta-1a, interferon beta-1b
ABCC5	doxorubicin
XRCC3	Platinum compounds
MAPK1	glyburide
ABCC5	glyburide
SPINK5	glyburide
BDKRB2	glyburide
ABCB1	iguratimod
KLB	ethanol
ESR1	glyburide
TBXT	flunisolide
ERCC1	granisetron, palonosetron
CYP2D6	valproic acid
TNFRSF1B	Tumor necrosis factor alpha (TNF-alpha) inhibitors
DRD2	rasagiline
CTLA4	tacrolimus
BDNF-AS	antidepressants
IL3	tacrolimus
CYP24A1	telaprevir
CHRNA4	varenicline
CYP1A2	escitalopram
HSPA5	Platinum compounds
P2RY12	clopidogrel
ORMDL3	fluticasone propionate
FCGR2A	abatacept, rituximab, tocilizumab, Tumor necrosis factor alpha (TNF-alpha) inhibitors
SLCO1B1	atazanavir / ritonavir
ABCG2	deferasirox
CYP3A5	atazanavir / ritonavir
VDR	adalimumab, certolizumab pegol, etanercept, golimumab, infliximab
AGTR1	angiotensin II
NR3C1	antiepileptics
ABCC2	deferasirox
APOE	fluvastatin
ABCB1	talinolol
PDE4B	ritodrine
UGT2B15	lamotrigine
POR	bupropion
XPA	Platinum compounds
ABCB1	aripiprazole, dehydroaripiprazole
MMP9	Antihypertensives, hydralazine, Methyldopa, nifedipine
VDR	daclatasvir
MMP9	Methyldopa
CYP24A1	daclatasvir
SCN1A	carbamazepine, oxcarbazepine
NUMA1	Calcium channel blockers
TANC2	Calcium channel blockers
GNB3	sibutramine
ABCC2	carbamazepine, oxcarbazepine
CYP2B6	S-EDDP
UGT1A9	simvastatin
ERCC4	Platinum compounds
ERCC3	Platinum compounds
MTHFR	antipsychotics, chlorpromazine, clozapine, haloperidol, olanzapine, quetiapine, risperidone
UGT2B7	oxycodone
HRH4	risperidone
GRK4	atenolol
PICALM	Calcium channel blockers
IFNL3, IFNL4	deleobuvir, faldaprevir
GABRA2	propofol
HNF4A	warfarin
CYP1B1	codeine, tramadol
EGFR	erlotinib, gefitinib
NR1I3	warfarin
PCDHB8	verapamil
POR	rivaroxaban
PCDHB6	verapamil
KRAS	capecitabine, cetuximab, oxaliplatin
AGTR1	atorvastatin
BDKRB2	atorvastatin
AGTR1	losartan
OPRM1	heroin
MAOB	5-hydroxyindole-3-acetic acid, serotonin
GRIK4	antidepressants
POR	apixaban
UGT1A9	oxcarbazepine
CYP11B2	candesartan
	3-hydroxycotinine
CYP2D6	hydrocodone, oxycodone
EGLN2	3-hydroxycotinine
MACROD2	hydrocodone, oxycodone
GNB3	clonidine
MTHFR	benazepril
CYP1A1	deferasirox
IL4R	pitrakinra
CACNA2D3	radiotherapy
MAP3K5	hydroxyurea
CLNK	Antihypertensives
ABCC2	atorvastatin
FABP1	fenofibrate
FGF2	lenalidomide, thalidomide
MAOA	antidepressants
MTR	benazepril
ABCC2	voriconazole
VKORC1	acenocoumarol, phenprocoumon
FMO3	sulindac
SLCO1B3	mycophenolate mofetil
NR1I2	memantine
ADRB2	benazepril
ANKS1B	amisulpride
SCARB1	rosuvastatin
SLCO1B1	simvastatin
SV2C	olanzapine
TBX21	corticosteroids
ABCC1	methotrexate
HTR2A	antidepressants
CYP2D6	carbamazepine, lamotrigine, phenytoin, primidone, valproic acid
CYP2C9	carbamazepine, lamotrigine, phenytoin, primidone, valproic acid
CYP3A4	carbamazepine, lamotrigine, phenytoin, primidone, valproic acid
ANO2	duloxetine
ARG1	selective beta-2-adrenoreceptor agonists
ADRB1	dobutamine
PVT1	glatiramer acetate
UGT2B7	methadone
CCND1	pemetrexed, Platinum compounds
GP1BA	aspirin
	anastrozole
ABCB1	trazodone
OPRM1	oxycodone
PPARA	fenofibrate
SLC22A11	methotrexate
HMGCR	HMG-CoA reductase inhibitors
CYP3A5	4-hydroxycyclophosphamide
	HMG-CoA reductase inhibitors
IL6	fenofibrate
NRP1	ranibizumab
CETP	atorvastatin
MICB	peginterferon alfa-2a, peginterferon alfa-2b, ribavirin
ABCG2	methotrexate
DBH	nicotine
MAOA	nicotine
ABCB1	omeprazole, pantoprazole
VDR	deferasirox
HTR1A	fluvoxamine, milnacipran, paroxetine
GRM3	antipsychotics
ATP2B1	Antihypertensives
PRSS53, VKORC1	warfarin
NR1I2	isoniazid
SLCO1B1	isoniazid
CACNA1C	Calcium channel blockers
EGFR	gefitinib
SLCO1B1	HMG-CoA reductase inhibitors
CELSR2	HMG-CoA reductase inhibitors
VKORC1	phenprocoumon, warfarin
APOC1, APOE	warfarin
CFH	Photodynamic therapy
ABCG2	risperidone
HTR1B	fluoxetine
PEAR1	aspirin, prasugrel
ABCB1	cyclosporine
PEAR1	aspirin, clopidogrel, prasugrel
GNB3	hydralazine / isosorbide dinitrate
CYP3A5	simvastatin
PPARA	lovastatin
CYP1A2	nevirapine
OPRM1	fentanyl
CYP19A1	anastrozole, letrozole, tamoxifen
ERICH3	serotonin
TSPAN5	serotonin
TRAF1	Tumor necrosis factor alpha (TNF-alpha) inhibitors
CTNNB1	thalidomide
CTNNB1	cyclophosphamide, dexamethasone, thalidomide
IL17A	opioids
CYP1A1	Platinum compounds
ERICH3	antidepressants, citalopram, escitalopram
OPRM1	acetaminophen, tramadol
FCGR2A	rituximab
UGT2B10	cotinine
ALDH1A1	cyclophosphamide, doxorubicin, FEC100, fluorouracil
FCGR3A	tocilizumab
ADRB2	carvedilol
CYP3A5	atorvastatin, lovastatin, simvastatin
ABCB1	phenobarbital
FMO3	tacrolimus
CRP	fenofibrate
MMP3	pravastatin
UGT1A4	n-desmethylclozapine
CYP2C18	clozapine
FCER1A	desloratadine, mizolastine
SELE	capecitabine, fluorouracil, leucovorin, oxaliplatin
	opioids
PCSK9	HMG-CoA reductase inhibitors
MTHFR	capecitabine, fluorouracil, leucovorin, oxaliplatin
ERCC5	platinum
CFTR	elexacaftor / tezacaftor / ivacaftor, ivacaftor / tezacaftor
UGT2B7	carvedilol
CHRNA5	bupropion, nicotine, varenicline
CDH2	methadone
TLR4	Pertussis vaccines
ABCG2	sorafenib
TLR7	imiquimod
UGT2B10	clozapine
TAOK3	opioids
MTHFR	vitamin b12 and folic acid
AGTR1	captopril
GSTP1	anthracyclines and related substances
CBR1	daunorubicin
ABCB1	silibinin
SLCO1B1, SLCO1B3, SLCO1B7	bilirubin
GNB3	atenolol
PSORS1C1	etanercept
ABCC4	mercaptopurine
TPH2	disulfiram
NR3C2	enalapril
STAT4	etanercept
SLCO1B1	atorvastatin, HMG-CoA reductase inhibitors, pravastatin, simvastatin
ABCA1	fenofibrate
HTR2A	sertraline
NUP107	Platinum compounds
CYP2C9	ketoprofen
TNF	etanercept
CHL1	antidepressants
TANK	adalimumab
VEGFA	adalimumab
ADRB1	carvedilol
TNF	infliximab
VASP	hydrochlorothiazide
TNFAIP3	adalimumab
SLCO1B1	simvastatin, simvastatin acid
ERCC2	bevacizumab, capecitabine, cisplatin, docetaxel, epirubicin, oxaliplatin, trastuzumab
ERCC1	bevacizumab, capecitabine, cisplatin, docetaxel, epirubicin, oxaliplatin, trastuzumab
MTHFR	bevacizumab, capecitabine, cisplatin, docetaxel, epirubicin, oxaliplatin, trastuzumab
CNR1	methadone
TPH2	methadone
NPPA-AS1	bumetanide, furosemide, torasemide
UGT2B7	morphine
KIF6	atorvastatin, simvastatin
OPRL1	methadone
KIF6	rosuvastatin
	adrenergics, inhalants
GRIK1	topiramate
ADD1	bumetanide, furosemide, torasemide
CDA	cisplatin, gemcitabine
KIF6	atorvastatin
ERCC1	cisplatin, gemcitabine
SLC12A3	bumetanide, furosemide, torasemide
ABCB1	fluvastatin
CYP4F11	warfarin
VEGFA	carboplatin, taxanes
CETP	fluvastatin
IFNL3, IFNL4	tenofovir
ABCB1	glucocorticoids
UGT2B7	fentanyl
ADRB2	tiotropium
ABCC2	lumefantrine
CFTR	elexacaftor / tezacaftor / ivacaftor
GNB3	bumetanide, furosemide, torasemide
HTR2A	clozapine
LPL	pravastatin
CETP	lovastatin
CHRNA3	nicotine
LIPC	fluvastatin
CYP1A1	clozapine
LIPC	simvastatin
VEGFA	cisplatin, fluorouracil, oxaliplatin
	cisplatin, fluorouracil, mitoxantrone
SLCO1B1	lovastatin
SLC22A3	catecholamines, metformin
LDLR	lovastatin
CACNA1C	amlodipine
CYP3A4	fluvastatin
ADH1C	naltrexone
ADH1B	naltrexone
GALNT14	cisplatin, fluorouracil, mitoxantrone
ALDH2	naltrexone
CYP2B6	varenicline
ABCB1	Antibiotics, esomeprazole
VEGFA	carfilzomib, dexamethasone, lenalidomide
ABCG2	dolutegravir
DRD3	quetiapine
GALNT14	cisplatin, fluorouracil
KDR	carfilzomib, dexamethasone, lenalidomide
GALNT14	sorafenib
ABCC2	mycophenolic acid
ATF2	fentanyl
ANO2	aflibercept, ranibizumab
SLC6A2	venlafaxine
IFNL3, IFNL4	boceprevir, peginterferon alfa-2a, peginterferon alfa-2b, ribavirin, telaprevir
CHRNA7	donepezil, galantamine, rivastigmine
FCGR2A	adalimumab
ENOSF1	fluorouracil
HINT1	daclatasvir, sofosbuvir
IL6	adalimumab, etanercept, infliximab
OPRD1	buprenorphine
SCN2A	carbamazepine, phenobarbital, phenytoin, valproic acid
CYP3A4, TMEM130	apremilast
CYP3A4	apremilast
MYLIP	atorvastatin
PDE4D	apremilast
SCAP	simvastatin
CDKN2B, CDKN2B-AS1	apremilast
LIPC	pravastatin
HTR2A	olanzapine
ABCB1	simvastatin
NUDT15	azathioprine, mercaptopurine
	budesonide
CYP2D6	thioridazine
CYP1A2	deferasirox
DRD2	olanzapine
SLC10A1	pravastatin
FCGR2A	adalimumab, etanercept, infliximab
MTHFR	capecitabine
IFNL3	daclatasvir, sofosbuvir
	buprenorphine
CHRNA5	nicotine
FCGR3A	adalimumab, etanercept, infliximab
IL10	etanercept
ADAMTSL2	buprenorphine
TGFB1	etanercept
CYP2B6	efavirenz, non-nucleoside reverse transcriptase inhibitors
AOX1	XK469
PON1	simvastatin
ADRB1	bucindolol
EPHX1	phenprocoumon
TNF	aspirin, diclofenac, ibuprofen, indomethacin, ketorolac, naproxen
PROC	phenprocoumon
SLC22A4	imatinib
TNF	atorvastatin
SLC22A5	imatinib
SP1	metformin
CYP3A4	warfarin
CYP1A2	warfarin
ABCC4	imatinib
DRD3	atorvastatin
SLC15A2	warfarin
MTHFR	atorvastatin
NR1I2	ritonavir
SLC22A2	l-tryptophan
SLCO1B1	ritonavir
ABCB1	ritonavir
RAMP1	erenumab
TNF	adalimumab, infliximab
CYP1A2	erlotinib
POR	sirolimus
BDNF	olanzapine
SLC22A12	losartan
TNF	adalimumab, etanercept, infliximab
TNF	adalimumab
IL10	sirolimus
RRM1	cladribine, cytarabine
RRM2B	cladribine, cytarabine
IFNL3, IFNL4	"""interferon alfa-2a, recombinant"", ""interferon alfa-2b, recombinant"", ""ribavirin"""
IFNL3	"""interferon alfa-2a, recombinant"", ""interferon alfa-2b, recombinant"", ""ribavirin"""
PSMA4	cotinine
CHRNA5	cotinine
TNFRSF10A	infliximab
RRM2	cladribine, cytarabine
FTO	"""interferon alfa-2a, recombinant"", ""interferon alfa-2b, recombinant"", ""ribavirin"""
	cotinine
DTNBP1	clozapine
CHRNB4	cotinine
ABCB1	sirolimus
SLCO1B3	warfarin
CHRNA3	cotinine
NFKB1	flupenthixol
SLCO2B1	montelukast
CYP24A1	deferasirox
TPH2	antidepressants
IMPDH1	methotrexate polyglutamate
EIF3A	carboplatin, cisplatin
CEP72	methotrexate polyglutamate
TPH2	mirtazapine, venlafaxine
SLCO1B3	methotrexate polyglutamate
FMO3	nicotine
VEGFA	pazopanib
FSTL5	methotrexate polyglutamate
ATG16L1	methotrexate polyglutamate
CYP1A2	theophylline
TNFRSF1A	adalimumab, etanercept, infliximab
TNFRSF10A	adalimumab, etanercept, infliximab
PTTG1	etanercept
CMPK1	cisplatin, gemcitabine
NR1I2	voriconazole
HLA-B	etanercept
MAP3K1	etanercept
COMT	clozapine
HTR1A	clozapine
GBP6	etanercept
ABCB1	celiprolol
SLCO1A2	celiprolol
IL12B	etanercept
ABCB1	temozolomide
SLC26A9	ivacaftor
DCK	gemcitabine
COMT	nicotine
ADRA2A	milnacipran
IGF2, IGF2-AS, INS-IGF2	Platinum compounds
FMO3	voriconazole
FGF2	fluvoxamine
POR	voriconazole
INS-IGF2	Platinum compounds
HTR1A	milnacipran
SCN2A	valproic acid
RRM1	cisplatin, gemcitabine
GGCX	acenocoumarol
NR1I2	methotrexate
TGFB1	rituximab
ADIPOQ	pioglitazone
CYP3A5	rosuvastatin
GSK3B	methotrexate
OPRM1	naloxone
ABCB1	tipifarnib
ZNF816	etanercept
NRG1	antipsychotics
SLCO1A2	methotrexate
	antipsychotics
ADCY2	antipsychotics
DAO	methadone
CCL2	antipsychotics
HTR2A	escitalopram, fluoxetine, fluvoxamine, sertraline
DRD1	methadone
CYP2D6	methylphenidate
GLP1R	sunitinib
ABCB1	doxorubicin
MLLT3	montelukast
	bupropion
CYP27B1	rifampin
ST13	corticosteroids
VDR	rifampin
CYP3A4	docetaxel
CYP3A5	docetaxel
ADRB2	ramipril
NGF	methadone
CYP1A2	nicotine
NT5C3A	gemcitabine
PGAP6	fentanyl, remifentanil
UGT1A4	olanzapine
ADCY9	antidepressants
PI4KA	antipsychotics
ZNF432	budesonide, corticosteroids, fluticasone / salmeterol, fluticasone propionate
ERBB2	carboplatin, docetaxel, trastuzumab
SLC1A3	antipsychotics
RNF8	carboplatin, docetaxel, trastuzumab
BARD1	carboplatin, docetaxel, trastuzumab
ERBB3	carboplatin, docetaxel, trastuzumab
SLC1A4	antipsychotics
GRM3	risperidone
COMT	sufentanil
VKORC1	fluindione
LEPR, LEPROT	apremilast
AKT1	carboplatin, cisplatin
AGT	quinapril
KCNJ6	opioids
CYP1A2	olanzapine
CYP4F2	phenprocoumon
TYMS	capecitabine, fluorouracil, tegafur
TNFRSF1B	etanercept
SLC9A9	fentanyl, remifentanil
PDE4B	apremilast
SCARB1	atorvastatin
TSPAN16	apremilast
FCAR	pravastatin
GSTP1	cyclophosphamide, epirubicin
DOCK6	apremilast
ABCB1	daptomycin
DBH	naltrexone
SLC28A2	gemcitabine
ABCG2	antineoplastic agents
EIF3G, P2RY11, PPAN-P2RY11	apremilast
METTL3	Drugs For Treatment Of Tuberculosis
ILF3	apremilast
GSTP1	cyclophosphamide, epirubicin, fluorouracil
IFNL3	peginterferon alfa-2b
IFNL3, IFNL4	peginterferon alfa-2b, ribavirin
VDR	peginterferon alfa-2b, ribavirin
NOS3	nortriptyline
GREM2	allopurinol
NAT1	cotinine
GLP1R	exenatide
ABCB1	topiramate
CYP2B6	3,4-methylenedioxymethamphetamine
ABCC4	methotrexate
AGTR1	benazepril
MVK	alendronate
ITPA	peginterferon alfa-2b, ribavirin
IL6R	sarilumab
LDLR	peginterferon alfa-2a, peginterferon alfa-2b, ribavirin
SPTA1	benazepril
NCR3	adalimumab, certolizumab pegol, etanercept, infliximab, Tumor necrosis factor alpha (TNF-alpha) inhibitors
COL2A1	salbutamol
CACNA1C	antipsychotics
PRKCA	"""diuretics"", ""hydrochlorothiazide"", ""Thiazides, plain"""
CACNA1B	antipsychotics
STX4	acenocoumarol
GLCCI1	corticosteroids
GC	deferasirox
CYP4F2	aspirin, clopidogrel
CD58	interferon beta-1a, interferon beta-1b
CACNB2	antipsychotics
CACNG3	antipsychotics
UGT1A3	deferasirox
CYP27B1	deferasirox
ATG16L1	adalimumab
SLC19A1	capecitabine, fluorouracil, irinotecan, leucovorin
SLCO1B1	capecitabine, fluorouracil, irinotecan, leucovorin
	"""diuretics"", ""hydrochlorothiazide"", ""Thiazides, plain"""
UGT1A1	atazanavir
CACNA2D3	antipsychotics
CACNA1E	antipsychotics
TAAR6	corticosteroids
VEGFA	salbutamol
CFH	bevacizumab, ranibizumab
TAOK3	morphine
NR3C1	prednisone
	docetaxel
HTR2A	fluvoxamine
IFNL3, IFNL4	ledipasvir, sofosbuvir
CYP1A2	imatinib
HTR1A	lurasidone
RXRA	docetaxel
TNFRSF1B	infliximab
OPRM1	codeine
UGT2B7	codeine
CACNB4	antipsychotics
CES1	sofosbuvir
SCN9A	propofol
PRKG1	salbutamol
BDNF	antipsychotics
HTR2A	propofol
BDNF-AS	antipsychotics
GABRA1	propofol
ABCB1	doxorubicin, methotrexate, prednisolone, vincristine
ABCC8, KCNJ11	"""metformin"", ""sulfonamides, urea derivatives"""
NFIB	paliperidone, risperidone
ABCB1	remifentanil, sevoflurane
KLF4	hydroxyurea
UGT1A	bilirubin
CERS6	adalimumab, certolizumab pegol, etanercept, infliximab, Tumor necrosis factor alpha (TNF-alpha) inhibitors
CYP2A6	bupropion, Drugs used in nicotine dependence
SRR	metformin
CYP3A4	erythromycin
	atenolol
PTPRD	trandolapril, verapamil
SLC47A1	"""metformin"", ""sulfonamides, urea derivatives"""
ABCG2	sunitinib
VDR	warfarin
SULT1A2	4-hydroxytamoxifen, endoxifen
SLC28A3	ara-CTP
ALPL	adalimumab, certolizumab pegol, etanercept, infliximab, Tumor necrosis factor alpha (TNF-alpha) inhibitors
SLIT1	etoposide
	adalimumab, certolizumab pegol, etanercept, infliximab, Tumor necrosis factor alpha (TNF-alpha) inhibitors
EYA4	adalimumab, certolizumab pegol, etanercept, infliximab, Tumor necrosis factor alpha (TNF-alpha) inhibitors
ADRB2	phenylephrine
CSMD1	anastrozole
	peginterferon alfa-2b, ribavirin
CHDH, IL17RB	acamprosate
IL21R	peginterferon alfa-2b, ribavirin
VEGFA	bevacizumab, irinotecan
CARD16	peginterferon alfa-2b, ribavirin
ABCC2	n-desmethyltramadol
ABCC3	fentanyl
CASP1	peginterferon alfa-2b, ribavirin
CFAP44	HMG-CoA reductase inhibitors
CYP7A1	atorvastatin
CHRNB2	nicotine
UGT1A8	n-desmethyltramadol
CHRNA4	nicotine
TUT7	peginterferon alfa-2b, ribavirin
TOLLIP	acetylcysteine
ABCB1	oxcarbazepine
IFNL3, IFNL4	peginterferon alfa-2b, ribavirin, telaprevir
UGT2B7	oxcarbazepine
CDA	ara-CTP
IFNL3	peginterferon alfa-2b, ribavirin, telaprevir
RRM1	ara-CTP
CTPS1	ara-CTP
UGT1A8	n-desmethyltramadol, o-desmethyltramadol
SLC28A1	ara-CTP
DCTD	ara-CTP
SLC22A1	amantadine, Anticholinergics, levodopa, selegiline
DCK	ara-CTP
ABCC3	morphine-3-glucuronide, morphine-6-glucuronide
ABCC3	morphine-3-glucuronide
CRTC2	glucose
GNB3	sertraline
ABCB1	sufentanil
CRTC2	hdl cholesterol
UGT2B7	mycophenolic acid
TH	methylphenidate
IL18	tacrolimus
CYP3A4	sirolimus
FCGR2A	cetuximab
GLP1R	sitagliptin, vildagliptin
CYP2C8	desethylchloroquine, hydroxychloroquine
HTR2C	clozapine
XRCC1	carboplatin, cisplatin, fluorouracil
ABCB1	tramadol
SLC19A1	carboplatin, cisplatin, fluorouracil
RGS17	antidepressants
SLCO1B3	voriconazole
TP53	oxaliplatin
NBEA	antidepressants
CRH	antidepressants
FHIT	antidepressants
PARP11	antidepressants
	antidepressants
GNB3	sildenafil
MTRF1L	antidepressants
POR	atorvastatin
HSD11B1	tacrolimus
NOS3	salvianolic acid b
STX1B	warfarin
HFE	adalimumab
LPIN1	rosiglitazone
CYP2D6	desethylchloroquine, hydroxychloroquine
GATA4	acenocoumarol
NEDD4L	"""Beta blocking agents, selective"", ""diuretics"""
CTNNA3	antidepressants
NEDD4L	Aldosterone antagonists, amiloride
CACNA1A	antidepressants
ORM1	warfarin
RAPGEF5	antidepressants
ABCB1	valproic acid
PON2	antidepressants
GALNT18	cisplatin
	rituximab
CYP3A43	antipsychotics, aripiprazole, clozapine, haloperidol, olanzapine, quetiapine, risperidone
HDAC1	corticosteroids
MTNR1B	vincristine
TLR2	morphine
IL1B	morphine
MLLT3	cisplatin
MTTP	atorvastatin
ALDH2	nitroglycerin
GALNT18	tocilizumab
RARS1	cisplatin
CD69	tocilizumab
SNU13	vincristine
XIRP2	atenolol
CYP3A7	cyclosporine
JAK2	Tumor necrosis factor alpha (TNF-alpha) inhibitors
GSTP1	nilotinib
ABCB1	paroxetine
CYP1A1	nilotinib
NLRP3	Tumor necrosis factor alpha (TNF-alpha) inhibitors
IL18	Tumor necrosis factor alpha (TNF-alpha) inhibitors
AKT1	risperidone
IFNGR1	Tumor necrosis factor alpha (TNF-alpha) inhibitors
CYP2B6	imatinib
AOC1	cannabidiol
TBX21	Tumor necrosis factor alpha (TNF-alpha) inhibitors
RAB7A	vincristine
IFNGR2	Tumor necrosis factor alpha (TNF-alpha) inhibitors
SLC15A1	cannabidiol
SLCO1B1	rosiglitazone
HDAC1	Corticosteroids For Systemic Use
COMT	risperidone
TLR5	Tumor necrosis factor alpha (TNF-alpha) inhibitors
KCNJ6	morphine
KCNJ6	morphine, remifentanil
SH2B1	low density lipoprotein
VEGFA	enalapril
IFNL3	peginterferon alfa-2a, peginterferon alfa-2b, ribavirin, telaprevir
CACNG2	lithium
ORM2	docetaxel
CARD8	etanercept, infliximab
IFNL3, IFNL4	peginterferon alfa-2a, peginterferon alfa-2b, ribavirin, telaprevir
NLRP3	etanercept, infliximab
DLG2	anastrozole
HLA-DPA1	peginterferon alfa-2b
BCHE	rivastigmine
TNF	adalimumab, etanercept, infliximab, Tumor necrosis factor alpha (TNF-alpha) inhibitors
ABCC5	cannabidiol
NFKBIA	sufentanil
RABEP1	glucose
BDNF	paroxetine
COMT	remifentanil
COMT	morphine, remifentanil
TLR2	adalimumab, infliximab
IFNL3, IFNL4	interferon alfa-n1, peginterferon alfa-2b, ribavirin
IFNL3	interferon alfa-n1, peginterferon alfa-2b, ribavirin
CHRM1	clozapine
CYP1B1	cyclophosphamide, epirubicin, fluorouracil
	erenumab, fremanezumab, galcanezumab
ASS1	hydroxyurea
NQO1	epirubicin
MDM4	docetaxel, epirubicin
KCNJ11	gliclazide
DRD2	aripiprazole
AREG	capecitabine, radiotherapy
ERCC1	capecitabine, radiotherapy
VEGFA	capecitabine, oxaliplatin
ANKK1	aripiprazole
TRPV1	acetaminophen
HTR3A	clozapine
GRM7	risperidone
COMT	glucose
PTPRC	adalimumab, etanercept, infliximab
GRID2	risperidone
SLCO2B1	4-hydroxyatorvastatin, 4-hydroxyatorvastatin lactone
UGT1A1	2-hydroxyatorvastatin lactone, 4-hydroxyatorvastatin lactone, atorvastatin lactone
RGS5	bevacizumab, fluorouracil, irinotecan, leucovorin
GABRA1	valproic acid
SCAP	rosuvastatin
RALBP1	bevacizumab, fluorouracil, irinotecan, leucovorin
ABCB1	rocuronium
UGT1A9	mycophenolic acid
SLCO1B1	rocuronium
CYP3A5, ZSCAN25	perampanel
EDN1	atenolol, irbesartan
HTR2A	paroxetine
APOE	atorvastatin, pravastatin, simvastatin
CYP3A5	apixaban
HCAR2	niacin
ABCA1	atorvastatin, pravastatin, simvastatin
ABCG2	ceftriaxone
ITPA	ribavirin
MOBP	creatine
EXO1	pemetrexed
STX4	phenprocoumon
TLR9	adalimumab, etanercept, infliximab, Tumor necrosis factor alpha (TNF-alpha) inhibitors
ABCG2	apixaban
SLC6A2	3,4-methylenedioxymethamphetamine
AGT	atenolol
CYP2C9	irbesartan
HLA-E	adalimumab, certolizumab pegol, etanercept, glucocorticoids, infliximab, methotrexate
SLC30A8	repaglinide
ADRA1A	disulfiram
ATP5F1E	adalimumab, certolizumab pegol, etanercept, glucocorticoids, infliximab, methotrexate
ABCG2	felodipine
CYP2A6	dexmedetomidine
CALCA	fentanyl
NAMPT	nitric oxide
AS3MT	Arsenic compounds
HTR7	Selective serotonin reuptake inhibitors
HTR7	escitalopram
HTR7	atomoxetine, desvenlafaxine, duloxetine, Selective serotonin reuptake inhibitors, venlafaxine
IL6	tocilizumab
HTR7	antidepressants
HTR7	fluoxetine, paroxetine
CYP2B6	tramadol
HTR7	paroxetine
CAMKK2	pemetrexed
SRD5A2	abiraterone
FNTB	carboplatin, lonafarnib, paclitaxel
BMP5	escitalopram
CES1	enalapril
PTGS2	celecoxib
TDP1	irinotecan
CYP2D6	dexmedetomidine
CYP1A2	carbamazepine
CYP3A4	rivaroxaban
UGT1A1, UGT1A10, UGT1A3, UGT1A4, UGT1A5, UGT1A6, UGT1A7, UGT1A8, UGT1A9	methotrexate
WBP2NL	dexmedetomidine
BCHE	memantine, rivastigmine
ABCB1	amlodipine
NECTIN4	methadone
OPRM1	Opioid anesthetics, Other general anesthetics, volatile anesthetics
ABCG2	Opioid anesthetics, Other general anesthetics, volatile anesthetics
KCNMA1	dexmedetomidine
ABCG8	atorvastatin
UGT1A4	tamoxifen-n-glucuronide
	cannabidiol
ADRB2	dexmedetomidine
TXNDC11	hydrochlorothiazide
CYP1A2	paroxetine
ABCG2	topotecan
KMT2E	duloxetine
ACHE	rivastigmine
NCAM1	duloxetine
	dexmedetomidine
CDH13	amphetamine
CYP3A4	everolimus
KCNMB1	dexmedetomidine
CYP2A7P1, CYP2B6	efavirenz
CLCN6, MTHFR	methotrexate
C1orf167, CLCN6, MTHFR	methotrexate
CXCL8	ranibizumab
BIRC5	methotrexate
TSPYL1	abiraterone, prednisolone
RICTOR	platinum
DRD2	clozapine
FASTKD3, MTRR	methotrexate
KDR	ranibizumab
KCNK3	candesartan
NR1I2	risperidone
IL17F	adalimumab
CASP3, PRIMPOL	Immunoglobulins
COQ8B, ITPKC	Immunoglobulins
IL17F	ustekinumab
IL17F	infliximab
CSK	hydrochlorothiazide
DRD3	antipsychotics
PDE3A	hydrochlorothiazide
SULT1C3	candesartan
STN1	atenolol
IL1B	metformin
TP53	cisplatin, paclitaxel
ABCB1	rifapentine
VEGFA	bevacizumab, pegaptanib, ranibizumab
NQO1	epirubicin, fluorouracil, oxaliplatin
PON1	epirubicin, fluorouracil, oxaliplatin
CHRNA3, CHRNA5	nicotine
GNB3	telmisartan
	lithium, valproic acid
GNAS	cisplatin, fluorouracil
ZMAT4	atenolol, metoprolol
LRRC15	atenolol, hydrochlorothiazide, metoprolol
CYP3A5	ondansetron
DRD2	lithium, olanzapine
KLRC1	adalimumab, certolizumab pegol, etanercept, glucocorticoids, infliximab, methotrexate
PRKAG2	hydrochlorothiazide
ABCB1	agomelatine, Melatonin receptor agonists, Selective serotonin reuptake inhibitors, venlafaxine
KLRD1	adalimumab, certolizumab pegol, etanercept, glucocorticoids, infliximab, methotrexate
PLCE1	hydrochlorothiazide
IFNL3	peginterferon alfa-2a, peginterferon alfa-2b, ribavirin, simeprevir
	metoprolol
RRP1B	atenolol
TBX2	atenolol
DRD2	amisulpride
NFKBIA	ustekinumab
ADO	hydrochlorothiazide
XBP1	Platinum compounds
DOT1L, PLEKHJ1	candesartan
ADAM33	ustekinumab
NUCB2	hydrochlorothiazide
	ustekinumab
KCNQ1	exenatide
AGBL4	ustekinumab
SLC39A14	nortriptyline
CHUK	ustekinumab
HTR2A	ustekinumab
C5orf56	hydrochlorothiazide
SH2B3	candesartan
SLCO1B1	2-hydroxyatorvastatin, 2-hydroxyatorvastatin lactone, 4-hydroxyatorvastatin, 4-hydroxyatorvastatin lactone, atorvastatin, atorvastatin lactone
COMT	paroxetine
TP53	capecitabine, paclitaxel
CYP19A1	triglycerides
CYP19A1	hdl cholesterol
PPM1A	nortriptyline
CYP4A11	amiloride, spironolactone
CYP3A5	lopinavir
CYP4A11	spironolactone
CYP2C9	apatinib, apatinib metabolite m1-1
FTO	PD-1/PDL-1 (Programmed cell death protein 1/death ligand 1) inhibitors
SLCO1B1	amprenavir
	acamprosate
CYP3A5	everolimus
	naltrexone
CYP1A2	dehydroaripiprazole
GATA3	prednisolone
GSTM3	tacrolimus
SLC6A4	morphine
TPH2	fluoxetine
ADORA2A-AS1	methotrexate
ABCB1	antiepileptics
ALDH1A2	atenolol, hydrochlorothiazide
REV3L	cisplatin
REV1	cisplatin
ABCB1	azithromycin
SLCO1B1	lopinavir
KCNJ6	fentanyl
HSD3B1	abiraterone
GSTA1	cyclophosphamide
SOD2	bilirubin
ABCC9	montelukast
AKR1C3	docetaxel, doxorubicin
CYP2C19	cyclophosphamide, doxorubicin
OPRM1	buprenorphine
PRDM16	Selective serotonin (5HT1) agonists
NR1I2	afatinib
ABCB1	antidepressants
COMT	methadone
UGT1A10, UGT1A6, UGT1A7, UGT1A8, UGT1A9	valproic acid
GRIN2B	valproic acid
SCN1A	carbamazepine, clobazam, ethosuximide, lamotrigine, levetiracetam, oxcarbazepine, valproic acid
SNAP25	amisulpride
ABCA1	clopidogrel
ABCG2	tenofovir
NRXN1	antipsychotics
TNF	adalimumab, certolizumab pegol, golimumab, infliximab
DPYD	cisplatin, fluorouracil
XRCC3	cisplatin, docetaxel, irinotecan
INSR	10-monohydroxy oxcarbazepine
CACNA1E	fentanyl
LAMB3	fentanyl
MECP2	cisplatin, fluorouracil, mitoxantrone
ANKK1, DRD2	prochlorperazine
DRD2	prochlorperazine
ATM	metformin
OPRK1	morphine
HMGCR	atorvastatin
TPH1	escitalopram
CYP3A4	tenofovir alafenamide
AOX1	allopurinol, febuxostat
CYP3A4	pazopanib
IL2	rituximab
ABCB1	diazepam
UGT1A1, UGT1A10, UGT1A3, UGT1A4, UGT1A5, UGT1A6, UGT1A7, UGT1A8, UGT1A9	allopurinol, febuxostat
XDH	allopurinol, febuxostat
ABCB1	propofol, remifentanil
ABCC3	methotrexate
BCHE	donepezil
MTHFD1	cisplatin, doxorubicin, methotrexate
GDNF	paroxetine
IL17RA	Tumor necrosis factor alpha (TNF-alpha) inhibitors
DBH	disulfiram
C6	tacrolimus
ABCC2	cisplatin, doxorubicin, methotrexate
RGS4	risperidone
SLC22A1	lamotrigine
ANKK1	risperidone
GSTP1	cisplatin, doxorubicin, methotrexate
SCN1A	phenytoin
ABCB1	lansoprazole
APOC1	HMG-CoA reductase inhibitors
F13A1	Photodynamic therapy
TPH1	citalopram
NPC1L1	HMG-CoA reductase inhibitors
SORT1	HMG-CoA reductase inhibitors
ACY3	bisoprolol
SLCO1B1	mycophenolic acid
BCL2L11	imatinib
FMO3	itopride
SEPTIN3	metoprolol
CXCL12	alemtuzumab, chlorambucil, cyclophosphamide, fludarabine, prednisone, rituximab, vincristine
CXCL8	bevacizumab
UGT1A9	cotinine glucuronide
VEGFA	bevacizumab, ranibizumab
ABCB1	granisetron
CD84	etanercept
GABRA1	carbamazepine
IL12B	ustekinumab
OPRM1	alfentanil
HNF4A	efavirenz
ALDH5A1	methadone
CHAT	olanzapine
ABCC2	pravastatin
ACE	ramipril
OPRD1	oxycodone
KLRK1	peginterferon alfa-2b, ribavirin
CRHR2	citalopram
NR1I2	rifampin
	oxycodone
ATP7B	Platinum compounds
NR3C1	dexamethasone
CCL2	risperidone
ADRB2	corticosteroids, selective beta-2-adrenoreceptor agonists
ITPA	mercaptopurine
SLC22A1	olanzapine
CHRNB3	nicotine
HMGB1	Platinum compounds
CYP3A4	dexamethasone
ABCB1	olanzapine
XRCC1	cisplatin, radiotherapy
VEGFA	VEGF/VEGFR (Vascular Endothelial Growth Factor) inhibitors
COMT	oxycodone
IL12B	adalimumab, infliximab
IVL	adalimumab, infliximab
TIRAP	ustekinumab
TLR5	ustekinumab
LY96	Tumor necrosis factor alpha (TNF-alpha) inhibitors
BRD3	rivaroxaban
IL1B	Tumor necrosis factor alpha (TNF-alpha) inhibitors, ustekinumab
ABCB1	warfarin
NR1I2	repaglinide
OPRM1	cotinine
IL7	atezolizumab, bevacizumab
EDNRA	prednisone
TLR4	tacrolimus
NR1I2	pazopanib
ZNF816	adalimumab, infliximab
CALU	acenocoumarol
NFKBIA	adalimumab, infliximab
TNFRSF1B	adalimumab, infliximab
SLC9A8	adalimumab, infliximab
XRCC4	fluorouracil, Platinum compounds, radiotherapy
ERCC1	fluorouracil, Platinum compounds, radiotherapy
	glucocorticoids
UGT2B15	dabigatran glucuronide
NTRK2	clozapine
ADRA2A	Selective serotonin reuptake inhibitors
ABCB1	erlotinib
NR1I2	dolutegravir
KDR	clopidogrel
ARFGEF3	metformin
ERBB2	trastuzumab
PRKAB2	metformin
DRD3	pramipexole
GAL	antidepressants, benzodiazepine derivatives, mirtazapine, Selective serotonin reuptake inhibitors
PEAR1	ticagrelor
IL9	Tumor necrosis factor alpha (TNF-alpha) inhibitors
CD40	prednisolone
CALCRL	erenumab
RYR1	halothane
CYP3A4	2-hydroxyatorvastatin
IL5	Tumor necrosis factor alpha (TNF-alpha) inhibitors
BST1	Beta blocking agents, selective
FDPS	Bisphosphonates
CETP	simvastatin
APOE	Selective serotonin reuptake inhibitors
UMOD	cyclosporine
ABCB1	modafinil
MYC	warfarin
ABCC2	atorvastatin, simvastatin
DHODH	leflunomide
HTR2A	antipsychotics
ITPA	azathioprine, mercaptopurine
COMT	raloxifene
ABCC2	paclitaxel
TNIK	risperidone
CYP3A4	methadone
POR	methadone
TLR4	prednisolone
CYP3A4	perampanel
TK2	telbivudine
GSTP1	olanzapine
SLC22A8	cefotaxime
CYP2C18	escitalopram
PRKCE	donepezil, galantamine, rivastigmine
	donepezil, galantamine, rivastigmine
ABCB1	SN-38
GABRB1	antipsychotics
ABCC1	SN-38
ASIC2	lithium
MAPK1	antidepressants
CHAT	donepezil, galantamine, rivastigmine
COMT	fluvoxamine
PPARA	2-hydroxyatorvastatin
OR52E2	lithium
OR52J3	lithium
CREB1	antidepressants
UGT2B7	zidovudine
APOE	cholesterol
ADRB1	atenolol, carvedilol, diltiazem, metoprolol, verapamil
ABCC2	erythromycin
HSD3B1	abiraterone, dutasteride
PACSIN2	azathioprine
SLCO2B1	rosuvastatin
CYP3A5	gefitinib
NOS3	sildenafil
CYP2C9	gefitinib
ESR1	leflunomide
LPP	2-hydroxyatorvastatin, 4-hydroxyatorvastatin, atorvastatin, atorvastatin lactone
C9orf72	ustekinumab
IL13	ustekinumab
ZNF816	ustekinumab
STAT4	ustekinumab
SLC22A4	ustekinumab
CYP1A1	warfarin
CHRNA5	varenicline
DNMT3A	warfarin
DRD1	fentanyl
CHRM2	fluticasone / salmeterol
DRD2	aripiprazole, risperidone
SHMT1	bevacizumab, fluorouracil, irinotecan, leucovorin
	Platinum compounds
MALAT1	Platinum compounds
HOTAIR	Platinum compounds
H19	Platinum compounds
ADRB1	Beta Blocking Agents
ADRB2	Beta Blocking Agents
CRHR1	fluticasone propionate
POR	nicotine
CYP2C18	voriconazole
ABCB1	remifentanil
ABCC2	cyclophosphamide, doxorubicin, paclitaxel
TPMT	deoxy-thioguanosine triphosphate, thioguanosine triphosphate
ABCB1	clopidogrel carboxylic acid
ABCB1	n-desmethylclozapine
GLP1R	dulaglutide, liraglutide, semaglutide
SLCO1B1	n-desmethylclozapine
CYP2C19	norclobazam
CYP2B6	artemether, lumefantrine
CPT1A	4-ene valproic acid
ADIPOQ	hydralazine, Methyldopa, nifedipine
CYP2D6	codeine, hydrocodone, oxycodone, tramadol
CDKAL1	Dipeptidyl peptidase 4 (DPP-4) inhibitors
CAT	hydroxyurea
CYP2C19	antidepressants, antipsychotics
CYP2D6	antidepressants, antipsychotics
CYP1A2	antidepressants, antipsychotics
SLC22A3	antidepressants
SLC14A1	hydroxyurea
HIF1A	cisplatin, gemcitabine, pemetrexed
AHR	"""1,7-dimethylxanthine"", ""caffeine"""
CYP3A4	silodosin
UGT2B7	silodosin
GNAQ	mercaptopurine
UGT2B7	clozapine, n-desmethylclozapine
CYP2D6	hydroxyurea
UGT1A10, UGT1A4, UGT1A5, UGT1A6, UGT1A7, UGT1A8, UGT1A9	n-desmethylclozapine
CYP1A1	"""1,7-dimethylxanthine"", ""caffeine"""
CYP2A6	"""1,7-dimethylxanthine"", ""caffeine"""
ATP2A2	empagliflozin
CYP2D6	hydroxychloroquine
ABCB1	levomethadone
CYP2B6	levomethadone
CYP1A1	clozapine, n-desmethylclozapine
ADRB2	mepolizumab
GSTT1	Immunosuppressants
CYP2C8	corticosteroids, montelukast
CYP2D6	loratadine
BDNF	empagliflozin
CYP2D6	levomethadone, S-methadone
NR1I3	levomethadone
ABCB1	dabigatran
CYP2D6	metoclopramide
	n-desmethylclozapine
	clozapine
UGT2B10	clozapine, n-desmethylclozapine
SUMF1	budesonide, corticosteroids
